<?xml version="1.0" encoding="UTF-8"?>
<!DOCTYPE suite SYSTEM "https://testng.org/testng-1.0.dtd">
<suite name="Suite" parallel="tests">
  <parameter name="url" value="http://leaftaps.com/opentaps/"></parameter>
  <parameter name="password" value="crmsfa"></parameter>  
  <test thread-count="5" name="chTest">  
    <parameter name="browser" value="chrome"></parameter>  
      <parameter name="username" value="demoSalesManager"></parameter>
       <classes>
      <class name="testcase.CreateLead"/>
    </classes>
  </test> <!-- Test -->
  
  <test thread-count="5" name="edTest">  
    <parameter name="browser" value="edge"></parameter> 
      <parameter name="username" value="DemosalesManager"></parameter>
        <classes>
      <class name="testcase.CreateLead"/>
    </classes>
  </test> <!-- Test -->
  
</suite> <!-- Suite -->
