<?xml version="1.0" encoding="UTF-8"?>
<!DOCTYPE suite SYSTEM "https://testng.org/testng-1.0.dtd">
<suite name="Suite" parallel="tests" >
  <test thread-count="3" parallel="classes" name="Chrome">
    <classes>
      <class name="testcase.DeleteLead"/>
      <class name="testcase.CreateLead"/>
    </classes>
  </test> <!-- Test -->
  <test thread-count="5" parallel="classes"  name="Edge">
    <classes>
      <class name="testcase.EditLead"/>
      <class name="testcase.CreateLead"/>
    </classes>
  </test> <!-- Test -->
  
</suite> <!-- Suite -->
